,Gene_ID,baseMean,log2FoldChange,lfcSE,stat,pvalue,padj,description
7,LOC100577669,115.5136868,-7.070383012,1.633707788,-4.32781374,1.51E-05,0.009188284,"uncharacterized LOC100577669, transcript variant X2"
38,LOC724763,54.15086795,-5.875784943,1.580311046,-3.718119263,0.000200712,0.048983645,odorant receptor 9a
42,LOC726076,27.38573566,-5.832425873,1.571581264,-3.711183129,0.000206293,0.049037809,centrosomal protein of 131 kDa
20,LOC409217,50.11345848,-4.888223069,1.259993884,-3.879560949,0.000104645,0.032005956,"guanine nucleotide exchange factor DBS, transcript variant X4"
8,LOC100577783,100.0280035,-4.090285803,1.049787893,-3.896297365,9.77E-05,0.031783268,"protein Skeletor, isoforms B/C, transcript variant X5"
36,LOC724385,382.8040886,-3.098767011,0.740802712,-4.182985509,2.88E-05,0.012766288,"uncharacterized LOC724385, transcript variant X2"
