,Gene_ID,baseMean,log2FoldChange,lfcSE,stat,pvalue,padj,description
5,LOC102656779,140.1634515,-7.508329038,1.750895236,-4.288280008,1.80E-05,0.010215143,uncharacterized LOC102656779
24,LOC726076,27.38573566,-6.977925064,1.661191243,-4.200554928,2.66E-05,0.013426979,centrosomal protein of 131 kDa
8,LOC406147,206311.6776,-5.100049391,0.986770958,-5.168422671,2.36E-07,0.00107144,short-chain dehydrogenase/reductase
2,LOC100576462,103.6621388,-4.338335735,0.982062647,-4.417575344,9.98E-06,0.008236493,odorant receptor Or1
22,LOC725426,540.7823902,-3.969418004,0.855853316,-4.637965327,3.52E-06,0.007726035,"uncharacterized LOC725426, transcript variant X2"
25,LOC726292,1458.774971,-3.698264385,0.832313807,-4.443353399,8.86E-06,0.008236493,"natterin-3, transcript variant X2"
26,LOC726352,1654.81238,-3.652872087,0.826189599,-4.421348431,9.81E-06,0.008236493,transmembrane protease serine 11B-like protein
11,LOC411569,5925.271821,-3.451889243,0.842844732,-4.09552212,4.21E-05,0.019116979,"protein TANC2, transcript variant X4"
19,LOC724385,382.8040886,-2.934744184,0.739751426,-3.967203144,7.27E-05,0.027762916,"uncharacterized LOC724385, transcript variant X2"
