"","GOBPID","Pvalue","OddsRatio","ExpCount","Count","Size","Term"
"1","GO:0018108",0.019118828891004,79.859375,0.0192382432957637,1,33,"peptidyl-tyrosine phosphorylation"
"2","GO:0018212",0.0196943507985584,77.4242424242424,0.0198212203653323,1,34,"peptidyl-tyrosine modification"
