"","Gene_ID","baseMean","log2FoldChange","lfcSE","stat","pvalue","padj","description"
"1","GeneID_551648",305.81721687836,-5.68683448167886,1.18424032592579,-4.80209494405889,1.57014208649328e-06,0.0061455361265347,"hexamerin 110"
"2","LOC107965750",54.7430755588239,4.94714431027632,0.851121502727966,5.81250067636643,6.1546435063262e-09,7.22678240512823e-05,"uncharacterized LOC107965750"
"3","LOC724389",234.217057400168,2.6971665038436,0.502573517528192,5.36671036132003,8.018566698911e-08,0.000470770050893065,"calcium/calmodulin-dependent 3',5'-cyclic nucleotide phosphodiesterase 1C, transcript variant X2"
