,Gene_ID,baseMean,log2FoldChange,lfcSE,stat,pvalue,padj,description
2,LOC107965750,54.93272609,3.722210032,0.859857387,4.328869055,1.50E-05,0.045120054,uncharacterized LOC107965750
