,Gene_ID,baseMean,log2FoldChange,lfcSE,stat,pvalue,padj,description
8,LOC726133,373.7175884,0.827082115,0.201161784,4.111527038,3.93E-05,0.04841895,exportin-6
6,LOC551761,228.3142177,1.593034303,0.372437442,4.277320493,1.89E-05,0.031068935,alpha-tocopherol transfer protein-like
5,LOC412768,110.2233776,2.114049103,0.37915302,5.575714796,2.47E-08,8.10E-05,protein takeout
2,LOC102656658,51.93432032,2.669923856,0.573878366,4.652421163,3.28E-06,0.008082583,"uncharacterized LOC102656658, transcript variant X2"
7,LOC724389,234.2170574,3.443178164,0.501995992,6.858975404,6.94E-12,6.84E-08,"calcium/calmodulin-dependent 3',5'-cyclic nucleotide phosphodiesterase 1C, transcript variant X2"
3,LOC107965750,54.93272609,5.416549017,0.85130732,6.362624745,1.98E-10,9.77E-07,uncharacterized LOC107965750
