,Gene_ID,baseMean,log2FoldChange,lfcSE,stat,pvalue,padj,description
1,LOC102654146,84.02602486,-2.780245359,0.649961961,-4.277550883,1.89E-05,0.045120054,antifreeze protein Maxi
3,LOC552685,1207.979917,-5.151598402,1.14125653,-4.51397058,6.36E-06,0.037980972,pupal cuticle protein
4,LOC724464,235.3458421,-2.815727874,0.611167932,-4.607126334,4.08E-06,0.037980972,cuticular protein
5,LOC726554,707.2076384,-1.913831802,0.445762551,-4.293388482,1.76E-05,0.045120054,"carboxypeptidase M, transcript variant X2"
