"","GOBPID","Pvalue","OddsRatio","ExpCount","Count","Size","Term"
"1","GO:0006611",0.00504657584537349,427.666666666667,0.00505246793626117,1,13,"protein export from nucleus"
"2","GO:0051168",0.00620935732018657,341.933333333333,0.00621842207539837,1,16,"nuclear export"
"3","GO:0006913",0.0131717691796057,154.878787878788,0.0132141469102215,1,34,"nucleocytoplasmic transport"
"4","GO:0051169",0.013557852212008,150.294117647059,0.0136027982899339,1,35,"nuclear transport"
