"","GOBPID","Pvalue","OddsRatio","ExpCount","Count","Size","Term"
"1","GO:0006952",0.00891987020781326,232.818181818182,0.00893898173338515,1,23,"defense response"
"2","GO:0050896",0.0305595560082897,Inf,0.349786241741158,2,900,"response to stimulus"
